User Input,Bot Reply,Response Time (s),Accuracy (%),Tone
What is Julius AI capable of doing?,"It seems like your message got a bit jumbled. If you're asking about what Julius AI is capable of, I can provide some general information about AI capabilities.

AI systems like Julius can typically perform tasks such as:

Natural Language Processing (NLP): Understanding and generating human language, which includes tasks like translation, summarization, and sentiment analysis.

Data Analysis: Analyzing large datasets to find patterns, make predictions, or generate insights.

Image and Video Recognition: Identifying objects, people, or actions in images and videos.

Automation: Automating repetitive tasks in various domains, such as customer service, data entry, and more.

Personalization: Tailoring experiences or recommendations based on user behavior and preferences.

If you meant something specific about ""Julius AI,"" please clarify, and I'll do my best to provide the information you're looking for!",22.82,50.0,Neutral
How do I integrate an API into my web app?,"Integrating an API into your web application involves several steps, which can vary depending on the specific API and the technology stack you are using. Here’s a general guide to help you through the process:

1. Understand the API Documentation
Read the Documentation: Before you start coding, familiarize yourself with the API documentation. This will provide you with information on endpoints, request methods (GET, POST, PUT, DELETE), authentication methods, and response formats.
2. Set Up Your Development Environment
Choose a Technology Stack: Decide on the front-end and back-end technologies you will use (e.g., React, Angular, Node.js, Django, etc.).
Install Necessary Tools: Make sure you have the necessary tools and libraries installed (e.g., Axios or Fetch API for JavaScript, requests for Python).
3. Obtain API Keys or Tokens
Sign Up: If the API requires authentication, sign up for an account and obtain your API key or token.
Secure Your Keys: Store your API keys securely, and do not expose them in your client-side code.
4. Make API Requests
Choose a Method: Decide which HTTP method you will use based on the API documentation.
Write the Code: Use your chosen programming language to make requests to the API. Here’s an example using JavaScript with the Fetch API:
 Download
 Copy
const apiKey = 'YOUR_API_KEY';
const url = 'https://api.example.com/data';

fetch(url, {
    method: 'GET', // or 'POST', 'PUT', etc.
    headers: {
        'Authorization': `Bearer ${apiKey}`,
        'Content-Type': 'application/json'
    }
})
.then(response => {
    if (!response.ok) {
        throw new Error('Network response was not ok');
    }
    return response.json();
})
.then(data => {
    console.log(data); // Handle the data from the API
})
.catch(error => {
    console.error('There was a problem with the fetch operation:', error);
});
5. Handle API Responses
Process the Data: Once you receive a response, process the data as needed. This may involve updating the UI, storing data in a database, or performing calculations.
6. Error Handling
Implement Error Handling: Make sure to handle errors gracefully. This▍",22.7,75.0,Neutral
